Date,AAPL,MSFT,GOOGL,AMZN,META,NVDA,JPM,V,UNH,JNJ,XOM,COST,HD,PG,KO,PEP,DIS,NFLX,TSLA,AMD,SPY
2025-01-02,100.3663,100.4985,100.5778,100.1106,99.9152,101.3445,102.3124,100.5576,100.5418,101.2064,101.4292,99.6874,98.2153,97.5025,100.1974,100.3085,101.4862,99.6721,99.742,98.7973,99.6889
2025-01-03,99.1216,99.3122,98.4941,99.1097,100.3168,101.0469,102.3561,98.7274,100.5456,101.3248,101.0356,100.6972,97.0142,98.4067,99.4302,98.2658,100.5094,100.6219,101.8983,97.9708,100.8559
2025-01-06,100.0182,96.8036,99.5964,98.4052,100.3784,99.8047,104.5329,98.9996,99.645,102.297,100.7885,100.984,96.3901,99.86,99.1075,97.4277,98.8424,98.7879,101.6372,97.5632,101.9196
2025-01-07,101.1535,97.1151,100.141,96.6724,99.4605,99.7365,104.416,99.8773,99.3634,101.7496,100.1956,100.8569,97.8215,100.6354,98.8271,98.3343,99.9668,98.1769,99.4648,95.9047,100.7257
2025-01-08,98.8128,96.1723,98.8155,95.6475,100.5407,101.0001,104.5803,100.3271,99.144,101.6891,99.4999,102.5211,97.0737,99.5787,97.96,98.0048,100.5591,98.9861,101.7501,95.4196,99.6969
2025-01-09,97.2807,95.6941,98.2579,95.2375,101.4368,99.8242,105.04,101.0908,98.8231,101.5482,100.3328,102.2304,97.8223,100.3871,98.5319,97.4045,99.8131,98.2594,102.5867,95.5558,99.827
2025-01-10,97.43,94.9938,98.5693,96.1603,101.2427,98.7393,109.1243,99.4016,100.9462,100.5345,100.6413,100.069,97.1925,101.4291,98.8142,99.0557,97.9359,96.3806,102.5006,95.0987,101.9164
2025-01-13,97.061,94.8335,98.6314,98.1666,100.4525,99.4034,110.2447,99.7972,100.827,101.3365,101.4315,99.1091,97.4821,103.3443,98.7091,97.8186,97.0647,97.1569,102.0448,94.7895,99.6004
2025-01-14,97.0414,96.0543,98.2862,96.5518,101.1158,99.1395,109.313,99.4355,100.5324,102.1303,101.4208,99.7668,97.3168,102.2635,98.2006,96.8862,97.001,98.4752,103.3788,94.7669,99.9336
2025-01-15,96.0531,96.2355,98.1642,97.008,101.3441,99.9128,110.5915,98.8611,98.0336,102.8603,102.0474,100.2414,98.3417,101.986,99.1437,97.1323,98.3674,98.4221,102.7086,94.0241,98.297
2025-01-16,97.0721,96.0525,97.8679,95.8043,99.5982,99.8964,110.1124,99.8993,96.9873,104.775,101.5357,98.374,97.7126,102.9046,98.8636,97.5885,97.1514,96.1332,104.1336,94.8071,97.5516
2025-01-17,97.9824,94.8662,98.0472,96.3516,99.517,100.7411,109.4671,101.6884,96.6816,106.6132,104.2892,97.5226,95.886,102.9755,98.5004,98.1715,97.0529,96.9511,104.8134,96.4549,97.1259
2025-01-20,98.0601,92.9788,99.7939,96.2001,99.8304,99.4975,110.6672,103.9018,95.8891,106.1346,102.3453,96.8442,94.309,101.6041,98.6242,99.2508,97.8424,95.039,105.1216,95.9189,96.637
2025-01-21,99.3955,92.4377,96.7671,94.1096,98.7584,99.4831,110.7085,105.5541,97.4923,106.6108,103.9057,96.4204,93.709,102.1109,100.6527,99.4876,95.0861,95.3919,105.3053,96.479,96.02
2025-01-22,99.9547,92.3781,96.4925,95.1638,98.9837,99.2319,111.0792,105.4152,97.2995,105.816,105.6254,94.8415,92.3149,102.8224,99.0467,100.0736,96.273,94.3814,105.0844,96.202,96.0283
2025-01-23,98.9293,94.3589,96.6971,94.4754,97.2706,97.7945,111.0979,105.8623,98.8156,105.8457,104.5508,94.1291,92.7705,102.931,99.9659,99.7628,94.9166,93.0769,106.4113,96.6248,95.4135
2025-01-24,99.3681,94.5065,97.0411,93.872,98.8429,95.9769,111.5475,106.841,98.8888,105.0866,107.3854,93.3097,92.2534,103.2025,97.7205,99.8379,95.2955,92.5846,105.312,98.4575,93.7536
2025-01-27,98.2312,95.6276,96.609,92.6747,100.3342,96.7699,112.1178,106.9964,98.933,107.1496,108.6759,94.1776,94.92,102.8827,97.9756,99.9668,95.578,92.3812,103.2822,99.0603,94.6351
2025-01-28,99.2722,95.0563,94.5937,91.9499,100.0306,96.3632,109.5418,107.1645,98.8276,107.6182,109.9498,95.0964,92.9612,104.724,99.8451,100.2252,96.8301,91.6698,104.0465,96.9745,95.494
2025-01-29,99.2127,93.7143,94.9668,92.4233,100.4679,95.1883,110.4215,108.229,98.8321,107.337,109.9867,94.9302,93.1886,103.5982,100.4323,101.1586,97.4724,92.3197,104.8376,97.5043,96.4651
2025-01-30,98.9929,92.6352,96.9558,92.2136,97.604,95.0785,109.1279,108.1521,100.8917,108.8855,109.7004,94.4846,91.9358,102.8706,100.6381,101.8348,94.731,91.8268,105.4435,98.9575,94.698
2025-01-31,98.1873,91.8325,95.1875,92.578,96.259,96.3743,107.2555,107.2097,98.1221,106.086,109.4251,94.6434,91.393,102.8842,99.9636,101.8888,93.8431,92.9133,105.9607,98.6947,95.0383
2025-02-03,99.6384,94.2083,96.1794,92.981,95.9203,93.7724,107.1803,106.6778,95.7934,103.5527,109.9391,93.7205,91.5483,103.9751,100.0008,100.9043,93.9988,93.2273,105.5539,99.8809,95.8123
2025-02-04,99.4538,93.2843,95.801,94.4663,94.6941,92.1033,107.2884,107.4924,95.1711,104.5464,111.8033,92.4396,89.029,102.1235,99.6988,100.9863,93.7792,92.4502,106.5561,99.0572,94.634
2025-02-05,98.9439,94.2276,95.7305,94.0785,95.5094,91.0889,106.3992,107.4963,95.1877,104.6223,112.0468,91.4025,89.2823,100.5303,98.7629,100.9523,94.3182,91.4945,106.4979,97.307,94.6444
2025-02-06,98.5267,93.2121,94.5286,92.4259,97.8262,92.7002,107.4656,107.936,95.9792,104.9372,110.828,90.7089,91.3446,98.1019,98.42,101.1866,95.2159,89.7034,105.8772,97.472,94.5125
2025-02-07,99.1581,94.26,94.1499,93.6172,96.4546,93.0151,105.7486,108.8074,96.5256,103.2801,111.9298,89.4512,90.8489,98.1404,98.6545,103.9017,95.9136,90.0169,105.4816,95.439,96.625
2025-02-10,99.5939,94.6964,95.6302,93.2455,95.4902,93.8755,105.2334,108.3191,96.0816,103.2513,113.174,89.6253,91.1326,96.8322,97.7504,103.2507,95.6673,89.6347,108.0706,95.1648,98.8824
2025-02-11,100.0884,94.5186,96.3012,94.5011,95.7603,92.5998,104.4974,109.3066,97.2637,105.7638,114.0665,90.4136,92.2603,96.3864,96.8092,103.7752,93.571,87.1191,105.8439,96.6457,96.9271
2025-02-12,100.6071,94.4724,98.3241,94.9368,97.6297,91.3641,104.439,109.8046,98.4736,106.815,115.0916,88.7079,92.079,97.1544,95.2418,105.1144,93.061,86.5608,106.4806,94.4561,99.8717
2025-02-13,103.2262,93.733,99.7231,94.7875,96.2081,91.8564,104.7891,108.1895,98.6913,107.0328,114.718,88.7347,91.4393,96.4093,95.6894,105.238,93.5271,85.63,104.3565,93.0169,98.7808
2025-02-14,102.724,94.2361,100.25,95.1851,96.496,91.9207,103.5294,110.0784,99.838,106.4703,113.4462,88.5008,88.976,96.6773,96.3177,108.2322,92.3112,87.2645,104.2211,91.872,99.9502
2025-02-17,102.0945,93.723,102.37,97.4399,98.6282,92.5279,104.4331,109.4189,100.1652,105.9674,112.2704,88.8642,89.663,96.3306,96.5858,107.7423,93.0132,85.4995,103.6802,91.8023,101.121
2025-02-18,101.1024,92.3546,102.9107,99.8989,96.6926,92.3198,104.5121,107.2671,99.4926,103.2942,110.0886,88.8504,89.5413,97.1107,97.711,108.1622,94.0326,84.0333,101.1182,91.4003,99.92
2025-02-19,101.8525,90.9492,103.9383,99.9822,95.2175,92.6285,102.166,105.9303,100.3292,103.614,110.402,87.3141,88.4598,97.666,97.814,107.1303,94.1759,85.1601,101.5914,92.9478,100.5132
2025-02-20,103.2417,91.1377,103.5691,100.1745,94.7347,92.8044,99.7928,104.6404,100.4625,104.6706,110.2915,86.0013,88.5943,96.8584,98.2753,106.6794,90.7764,86.558,101.1291,94.0184,100.3835
2025-02-21,103.1007,92.8812,103.6518,101.4767,94.1447,93.6746,99.7781,104.7059,100.4641,102.7102,109.7107,86.0317,87.9759,96.6626,98.6342,106.9985,89.3947,85.7876,98.6135,94.5788,101.0535
2025-02-24,102.0664,93.0597,102.788,100.4521,95.0672,94.5862,99.5138,104.3624,102.2556,101.8982,105.8878,87.1004,87.4198,97.8809,98.5259,108.0907,91.4412,85.1394,99.612,94.7442,101.3336
2025-02-25,101.0616,92.9273,104.0159,100.8544,95.3433,92.7653,99.3904,103.9414,99.292,100.4927,104.3147,84.8166,88.0581,98.344,97.9003,108.5054,90.8434,85.7713,101.3422,95.1924,102.7989
2025-02-26,101.8537,93.2465,102.5555,100.8231,93.334,90.2971,99.3571,104.7172,97.6171,99.3352,105.7272,85.1692,86.6552,96.7091,100.5364,110.1573,88.706,83.4093,103.1706,94.2128,102.8919
2025-02-27,102.7662,94.7194,103.5228,101.2036,93.9131,91.3891,99.6263,105.1452,96.2365,99.399,104.8873,86.3937,87.7511,97.473,99.9926,110.0318,90.0307,81.567,103.616,95.1869,102.6849
2025-02-28,103.4382,94.9691,103.2862,100.1966,93.2645,92.701,100.7657,105.5447,95.8179,96.9436,105.3422,86.2352,86.2916,96.2126,99.1968,109.5941,90.0451,81.2927,103.6733,93.9251,104.0444
2025-03-03,102.6154,94.5019,104.7482,98.3034,94.7018,91.5726,99.4311,106.0651,95.5256,97.6608,103.5988,86.8065,85.6081,97.8573,99.7148,113.2085,91.247,82.8188,105.3389,94.8714,104.7715
2025-03-04,102.9017,95.7649,105.6963,95.8882,93.9912,89.5515,98.0425,106.8522,93.8132,98.5483,105.4029,86.0772,87.6065,99.0673,100.0166,113.7453,91.5508,82.3869,107.4871,96.2314,105.6957
2025-03-05,103.0459,96.2589,108.0309,94.6111,93.2759,89.658,96.7646,104.1832,92.7107,98.2518,105.2209,85.954,88.7997,99.4125,98.3447,112.7675,92.056,82.4867,108.9592,96.4752,104.8561
2025-03-06,103.3167,98.0493,108.9824,94.0918,93.8836,90.6651,97.1007,103.7286,91.7579,95.3701,105.5877,84.2982,88.9038,99.6003,99.6786,111.8319,92.4578,83.6167,107.7351,96.2715,103.5491
2025-03-07,104.4027,98.2651,106.9458,93.7613,94.7471,92.6421,98.5622,101.05,94.5041,94.2366,108.5761,81.9598,87.906,99.3507,99.566,110.574,93.2349,85.7577,107.9957,96.735,102.846
2025-03-10,104.6832,96.8318,106.8599,95.9665,95.2579,93.2178,98.0534,101.0937,96.5696,95.6411,110.57,82.8923,87.3495,100.163,98.2475,111.8237,95.8181,85.1661,108.5668,93.4697,102.0827
2025-03-11,105.5396,95.255,105.3675,97.2486,93.3505,92.8029,95.1535,101.0881,96.0936,92.5054,110.164,81.9183,87.4263,99.7183,99.659,111.3358,96.9411,85.1489,106.2346,93.8093,103.0503
2025-03-12,105.6252,97.1609,104.7142,96.1323,93.9551,91.8136,93.2276,102.3643,95.6753,92.1204,109.3825,81.4717,87.4657,100.0006,100.4101,111.5061,95.1201,87.0311,106.8347,93.6818,104.2643
2025-03-13,105.9923,99.1915,106.6305,96.5343,92.7962,91.8262,92.3003,103.8337,94.3649,90.8252,108.9561,80.1275,87.3704,101.0524,98.8979,111.4212,95.6313,85.4558,109.7888,93.6249,104.0704
2025-03-14,106.7983,98.9781,107.4494,96.0639,93.0586,91.4971,91.6846,104.0866,92.2287,91.7063,109.6248,78.7831,87.3381,100.3735,101.0297,112.4035,96.9502,86.5161,110.6351,94.4221,105.8729
2025-03-17,104.947,98.524,106.552,95.7366,91.4822,90.3893,91.2364,103.4635,92.0995,90.9664,109.4865,78.619,87.1137,99.634,101.8316,111.2672,98.3596,85.4653,112.6087,94.3374,107.6258
2025-03-18,104.5452,100.2671,105.2637,95.9498,91.9735,92.6391,91.2786,104.0676,91.0032,91.4084,108.9684,77.9337,85.6192,98.2162,101.8191,109.8403,97.8573,85.5705,112.8561,93.0554,107.9406
2025-03-19,103.9568,98.9439,105.3051,96.6654,91.0875,94.645,90.9378,103.4104,90.9106,92.0308,110.9039,78.2879,85.0902,96.9696,103.7807,110.1364,99.2349,85.3217,112.757,92.8977,106.8813
2025-03-20,103.1628,97.8872,103.779,96.2726,89.6963,95.9441,92.0901,103.4087,89.1816,94.0812,110.752,78.7142,86.0293,94.8652,103.9793,110.9335,100.3459,84.3465,113.2741,92.973,108.921
2025-03-21,102.8228,98.6458,102.9465,97.5095,90.4679,94.8897,91.3461,104.6397,88.3698,93.8523,113.8508,79.0179,84.6282,95.6996,103.9443,111.377,103.4919,83.3572,112.1705,93.1013,108.8413
2025-03-24,104.684,98.1798,103.3327,96.1824,90.7306,95.8683,90.4057,103.9416,88.5276,94.2768,113.9748,79.2445,84.4359,97.7997,103.1239,110.3004,102.5646,83.6342,110.8807,93.2824,109.0062
2025-03-25,103.602,98.1738,104.7752,96.1898,90.0646,96.607,90.9268,104.9514,88.9175,92.6116,116.4429,80.7591,83.6094,99.4869,103.8465,111.2008,101.942,84.6393,112.5785,94.4531,108.5629
2025-03-26,104.8128,97.9814,105.5434,99.2354,91.6467,97.1214,89.2665,105.8081,89.364,93.9441,116.9433,79.7311,83.7212,97.5644,104.4421,110.2126,101.5682,84.5077,114.4478,93.2302,107.4099
2025-03-27,102.7174,98.3791,102.681,99.5014,91.1634,98.5888,89.6849,104.6027,87.9592,93.0906,118.3025,79.6785,83.3316,98.4167,104.4605,109.525,100.9725,84.5788,113.0947,93.427,105.5335
2025-03-28,102.3054,100.0549,103.0567,101.2275,91.1985,99.3434,89.7954,105.8323,88.8659,92.4663,117.2783,80.7689,84.8222,100.1106,103.4749,108.2913,99.8998,85.1605,114.4161,94.8844,106.338
2025-03-31,102.5054,100.1637,103.1458,101.3387,91.4933,100.2295,89.6367,106.7232,88.0167,92.4416,116.0829,82.0039,85.3394,99.5634,103.6364,109.9955,96.6422,84.1733,114.2967,92.9297,105.343
2025-04-01,103.2291,100.9407,103.6594,102.0475,90.8155,100.9985,91.3614,106.8538,88.6876,90.7241,116.725,80.6167,84.0065,99.6846,103.5496,110.8347,96.1394,84.9238,114.7638,93.1303,109.2825
2025-04-02,104.1139,98.4876,105.6894,101.978,91.3304,101.4123,90.6818,105.8808,88.6763,90.9735,118.1179,80.3151,84.6859,97.3115,101.9058,111.6423,96.5665,85.7629,115.3993,92.4784,107.8675
2025-04-03,105.1098,98.4301,103.1048,101.7696,90.7476,99.2648,92.9518,104.7947,87.2237,92.0358,118.175,81.6348,83.9023,97.6235,100.1218,113.3258,95.9966,88.4847,116.7845,92.0679,106.2522
2025-04-04,104.6708,97.4391,102.3761,100.8222,90.3004,99.3645,92.7007,104.1208,86.8934,92.3599,116.3648,82.134,83.3234,96.3854,100.8031,117.216,98.2522,88.0863,116.9005,91.0737,106.9046
2025-04-07,104.0917,96.0243,103.1046,101.3441,91.7891,98.7035,91.2909,104.8009,87.2752,90.6156,114.4807,82.3267,83.6378,96.6166,97.7044,114.8363,98.268,87.6034,118.8955,90.8886,108.8846
2025-04-08,105.1689,95.0178,101.1662,100.3138,90.6501,97.1992,91.3675,103.606,87.9195,90.481,112.5369,82.1119,83.1457,94.8234,97.9455,113.8233,99.8022,88.4155,119.3378,92.9191,108.969
2025-04-09,104.9278,94.6376,102.9739,101.1182,88.0631,99.1808,90.1951,104.1514,87.7709,91.2903,110.175,81.7346,84.0413,95.4431,97.3852,112.9848,100.1158,89.2889,120.235,91.5199,109.7199
2025-04-10,103.3338,95.6834,103.4301,102.4437,89.782,101.2601,89.3851,102.6109,89.3992,89.256,110.3198,82.0178,83.2638,96.6238,98.9261,111.8371,101.1136,88.7174,119.0388,90.2443,107.3192
2025-04-11,101.938,94.1725,104.4862,102.8953,92.5711,102.9252,89.812,102.3599,90.4866,88.1122,111.8193,81.7698,82.6477,95.7199,98.3421,110.4002,101.453,88.2892,122.1626,88.8454,106.4503
2025-04-14,100.8194,94.2071,103.7728,102.5425,92.122,103.2409,90.4128,102.4947,90.2083,89.044,111.8013,81.728,81.9993,94.4229,99.1234,110.004,103.1331,88.8644,122.8533,90.7063,105.0876
2025-04-15,101.4227,93.6614,104.7911,103.1026,90.0056,104.9278,89.7403,105.5466,91.024,89.333,108.8094,81.8051,81.4446,92.0113,98.6524,108.4097,103.2024,87.9862,123.9089,90.2044,102.7248
2025-04-16,101.5962,93.2938,106.1434,102.7214,89.6708,104.943,90.8099,103.8165,93.1609,89.7757,108.5606,81.1422,82.526,91.7176,98.7872,108.8464,103.8186,87.5538,121.5406,90.1767,102.8691
2025-04-17,102.4415,94.4232,106.4404,103.8811,89.3634,105.1987,92.0801,105.6666,95.3786,91.8015,108.3488,81.662,83.151,91.0797,99.6645,108.9139,104.276,87.648,120.3466,89.7419,100.1374
2025-04-18,101.9176,95.0349,106.7402,101.623,89.1599,103.8274,93.6809,105.8568,93.9834,92.3191,111.1085,84.5683,84.8749,89.4002,99.1128,109.5445,103.9159,88.7018,122.1477,88.7306,98.5612
2025-04-21,102.1117,96.5724,107.0871,101.2146,87.9766,104.3232,94.2779,106.3804,92.9443,93.0508,109.1826,82.7841,87.2162,89.8875,100.3052,110.2139,104.4222,88.0606,122.5689,88.4805,97.9278
2025-04-22,102.8812,96.3935,105.9834,98.8253,88.5906,104.3988,95.8331,106.5316,94.6153,96.1275,108.6719,83.1066,86.1441,89.4035,99.1162,111.0143,107.2599,86.1351,119.7862,91.1295,96.9558
2025-04-23,102.5,95.5919,105.7959,97.0681,89.15,102.7795,93.6944,107.1016,93.4213,95.8812,110.9194,82.3519,86.2169,88.2568,99.4672,110.518,106.9124,84.1766,121.288,92.6646,97.4181
2025-04-24,103.0633,95.3354,105.6024,98.6698,87.5655,102.7164,93.3377,106.9043,91.9504,94.9675,111.5199,82.9245,85.0085,87.6714,100.5746,113.3672,107.4519,82.914,120.4991,91.721,97.776
2025-04-25,102.2479,95.6133,106.0894,99.7354,88.3033,102.6182,92.3716,108.786,91.4155,95.4563,112.2763,82.9708,84.219,88.8058,101.3744,113.6866,109.086,81.6177,122.5572,92.4365,98.8304
2025-04-28,101.8035,95.8161,107.3699,98.8781,90.5054,104.8558,92.5039,108.1917,91.8776,95.9605,112.4308,83.7328,83.5846,89.4506,103.7327,111.1739,110.5889,81.4664,122.4281,91.5187,99.7267
2025-04-29,101.3382,94.5773,106.0147,97.1113,90.6924,105.987,91.8717,109.6717,91.7648,95.3558,112.8769,84.9223,82.531,89.3112,102.7868,109.8446,110.6044,80.3124,122.7292,89.5885,101.1013
2025-04-30,99.8944,94.6801,105.8558,93.7173,90.326,106.0015,91.6887,108.827,91.0512,94.1818,113.9351,85.1187,81.4958,89.9771,101.0997,107.5742,107.4859,79.638,124.4779,90.6913,101.099
2025-05-01,100.4798,94.9397,107.7545,93.1081,90.1722,106.3185,93.7832,108.7483,90.3175,96.8289,112.8337,86.2829,81.3548,88.7324,99.9005,107.5966,108.1544,78.9017,123.1445,91.9626,101.4678
2025-05-02,99.9154,97.8516,106.7972,95.8521,90.8404,106.3749,93.5924,107.3584,89.5488,97.2094,114.0289,83.8894,80.1756,88.7668,100.6954,107.4394,105.3119,78.4857,121.686,93.1243,102.0926
2025-05-05,99.9304,100.0804,105.7486,96.3536,88.9733,106.1162,94.0582,107.9462,88.6086,96.3589,112.1655,85.5059,80.9899,88.9239,101.2989,106.8372,107.186,79.7412,121.3994,92.6007,102.2663
2025-05-06,100.5086,99.0609,106.0057,95.7088,89.149,104.7468,93.7965,109.8345,91.0682,97.4238,112.6084,85.8916,80.1029,88.424,101.4232,109.4466,107.4042,80.3771,122.6104,92.4156,101.78
2025-05-07,101.0486,98.7199,107.0853,96.2444,88.7323,104.5571,93.8817,109.7326,91.3939,97.2963,112.8502,87.0097,82.8495,88.8872,100.0657,110.17,108.7004,80.3927,120.6678,93.2508,101.3748
2025-05-08,101.8586,97.0014,107.0999,94.4584,90.7218,103.6251,93.8885,109.4736,92.3716,97.0015,112.0187,85.7453,82.402,88.0587,100.9908,111.1342,107.53,79.9492,118.2765,93.6899,100.3851
2025-05-09,101.7383,96.3162,108.8216,94.122,90.5323,102.082,94.395,108.0191,91.8311,97.6582,111.9882,84.8947,82.4732,88.599,99.5174,109.8994,105.5453,79.5346,119.4514,93.2484,100.8943
2025-05-12,101.2228,96.6817,109.9462,94.2344,92.3626,102.7101,95.7242,107.7223,91.6264,96.1559,111.1547,85.0435,81.2012,89.1877,100.9111,108.5896,105.876,79.848,118.5902,91.4542,100.7805
2025-05-13,101.1261,98.0909,111.0625,94.1371,91.1473,103.1935,97.6354,105.6829,90.8452,96.5637,109.7343,85.0261,82.8808,86.1196,104.4313,108.6376,105.8334,80.4097,118.0334,91.5792,99.9817
2025-05-14,99.099,97.2364,111.8035,95.0346,91.7919,101.0045,97.9988,104.5315,88.0,98.806,109.2697,85.3154,84.0017,87.3586,104.8915,108.8633,105.2109,79.5387,115.4325,92.7727,99.1903
2025-05-15,97.393,96.4761,114.9704,95.4285,92.1444,100.8559,98.6946,104.8164,86.5568,99.3603,107.8316,86.433,84.3015,84.2214,105.6281,106.4651,105.3179,79.5735,114.4958,91.449,97.76
2025-05-16,95.8594,94.0219,114.6877,96.1969,91.1885,102.0682,97.3409,106.4886,84.6964,98.9127,108.2501,84.6214,82.95,83.6011,105.0052,106.235,108.8741,77.657,114.4854,92.1527,98.915
2025-05-19,94.719,93.8386,111.9632,95.4055,91.3828,103.3739,97.2384,110.1396,82.4404,98.3126,106.7664,85.6161,83.16,84.6361,102.7488,106.253,109.9699,77.8546,115.7707,92.52,99.0084
2025-05-20,95.1745,92.6498,114.1395,96.439,92.7221,104.6543,98.3418,109.3671,81.2663,97.8297,107.6825,85.6246,82.0484,84.3145,102.0083,105.979,111.3636,78.5699,114.7042,93.3566,97.9886
2025-05-21,94.146,92.0631,113.5143,98.3426,92.3626,104.7032,99.369,111.2671,82.5687,97.532,106.1666,85.4154,83.5009,82.844,100.6793,104.9496,112.4972,78.3063,117.0083,94.3386,98.944
2025-05-22,93.7197,91.0994,113.6614,97.2044,90.5062,103.6468,99.6217,111.593,82.5247,97.0909,105.4476,83.9208,84.3157,81.7638,98.9461,104.2723,114.5122,80.0319,116.0511,93.5557,98.2807
2025-05-23,95.1923,90.9964,115.4616,96.1744,90.4871,102.3076,100.687,111.3906,83.8127,98.1643,104.6602,84.4289,84.4123,82.7776,101.0125,104.0512,114.2513,79.1901,115.1037,91.7579,96.6359
2025-05-26,94.7862,89.0972,113.2628,97.7285,89.5125,102.7316,101.2817,111.9704,84.227,96.1438,106.3378,82.0182,81.9801,80.8907,101.3438,104.1647,111.4687,79.397,117.2469,91.1723,97.8274
2025-05-27,95.6288,87.5424,111.5744,97.5043,89.1455,103.2002,102.7511,112.0536,85.0217,97.1434,106.7601,82.6588,81.0183,81.9941,101.8066,104.9234,111.2167,79.3629,117.5448,92.1503,97.1989
2025-05-28,94.5635,89.808,109.4509,99.1608,89.0583,104.8068,103.1085,112.2022,84.1075,96.7018,106.4892,81.192,81.6898,81.9399,101.4297,106.2932,112.3053,79.2674,116.7687,91.5529,96.7232
2025-05-29,94.3306,88.4312,108.4128,98.6356,87.254,106.1994,102.6693,111.6537,84.638,97.1402,107.1284,81.2441,82.8874,80.7758,101.2196,105.9184,111.0059,79.1587,116.5515,90.7936,96.771
2025-05-30,93.2613,87.275,108.9863,100.373,85.5786,106.031,103.0839,109.7961,85.3814,95.8354,104.4535,81.128,83.998,80.2126,102.3979,105.3402,110.7713,79.2605,118.4594,88.8307,98.1069
2025-06-02,92.8827,89.2201,109.674,100.5315,86.0751,104.4597,99.5217,107.781,84.7926,97.3756,104.3994,82.2746,82.4085,79.2394,102.3582,105.8949,109.8555,80.0712,120.5621,90.7187,98.1305
2025-06-03,93.824,92.3853,110.0382,100.8435,85.5369,104.0605,99.9801,108.6292,85.3639,98.842,106.9321,82.0984,82.7073,80.0673,103.0121,106.6739,111.8536,81.406,119.3862,91.6221,96.7286
2025-06-04,91.8993,91.0955,108.1884,102.7548,82.9444,104.3321,95.6973,108.2691,85.9458,99.9868,107.1021,81.4174,83.7213,80.7742,102.7701,106.1196,112.864,81.4038,119.3254,92.4725,97.362
2025-06-05,92.3796,90.6939,105.2305,102.3097,83.7293,104.0794,93.7384,107.4974,85.3809,98.1857,107.1894,80.9239,82.0717,79.1249,102.349,107.1309,113.7499,82.2041,119.4545,93.5526,96.797
2025-06-06,92.6435,91.0663,105.2991,101.1608,84.0034,103.3601,94.248,107.5084,84.2383,99.1675,107.8968,82.1695,82.064,78.7426,100.6356,108.3976,114.6016,81.5148,118.0491,94.2023,99.015
2025-06-09,91.9853,92.9752,104.7047,100.6177,83.2869,103.6743,94.7896,108.5388,83.0497,99.6505,109.0626,82.7,82.3341,77.9312,98.2753,110.0909,114.5504,82.2675,117.9703,93.9265,99.0136
2025-06-10,90.4029,91.8806,105.2835,101.1654,81.9811,103.0492,93.4766,108.774,83.136,97.7492,106.4795,82.3182,82.0375,79.1503,97.9673,112.4655,114.8223,81.5186,117.9778,93.7421,96.3933
2025-06-11,90.4812,91.6106,106.1741,99.2823,82.8075,102.2754,92.6812,107.921,83.4629,97.7207,104.3515,82.085,80.2342,77.8783,98.0338,111.3022,113.2008,82.5926,119.6032,93.2624,96.8076
2025-06-12,89.9081,92.4691,106.3504,100.0447,83.1554,102.6584,94.2181,109.5209,82.6729,98.1492,104.6151,80.5557,79.9212,79.392,96.5324,111.3208,110.2693,84.8129,121.3487,96.2581,99.0932
2025-06-13,90.1595,92.9528,107.3249,99.4,85.5672,102.1644,93.6724,111.6161,82.6992,98.8063,103.7215,80.9321,79.6079,79.3603,96.4925,111.3359,110.4681,84.6887,120.8703,96.9024,100.985
2025-06-16,90.1831,92.5342,107.6205,100.7786,85.9997,102.4641,96.2278,112.2805,83.2674,99.0167,105.3675,79.2409,79.4666,78.2614,96.5547,111.2049,110.8984,82.4896,120.5603,96.3646,103.2283
2025-06-17,91.9333,92.3857,108.3072,97.9243,86.4008,102.8006,96.2256,113.6001,83.8874,99.3633,104.9697,79.959,78.9311,77.6279,94.0887,110.3419,112.5194,81.9488,121.5252,96.9044,101.9728
2025-06-18,91.6697,90.874,107.3952,97.0043,86.2279,101.4045,96.6979,115.3058,85.4642,101.136,102.561,80.0825,78.5126,76.8848,93.0611,108.3923,114.6612,83.1692,120.6748,95.736,103.0951
2025-06-19,90.5507,90.6146,107.164,95.0609,87.0772,100.8206,98.5924,116.8801,86.7839,102.635,101.0122,82.4095,78.4752,75.7178,93.517,108.5129,116.8419,83.7231,121.5303,97.4801,102.2057
2025-06-20,90.7457,90.3254,107.4174,94.1231,87.7328,102.5752,98.7476,117.7446,85.7474,99.1639,97.7336,81.3287,78.893,75.804,93.9524,107.517,115.4509,83.9735,121.4021,96.7099,102.4812
2025-06-23,90.9856,90.5774,108.4802,94.4032,89.0606,101.1547,97.5669,118.5931,87.4974,98.7869,97.4594,81.2286,78.6053,74.6952,92.6607,107.628,114.9639,84.9961,119.9981,97.2931,100.9276
2025-06-24,92.4817,89.9758,107.9689,94.2004,88.5052,98.6177,97.4386,119.335,86.9417,98.5919,97.2393,83.0005,78.2198,72.7662,92.837,106.6073,115.6285,85.4917,118.6281,98.5457,100.1501
2025-06-25,93.4132,90.4864,108.6463,93.9144,88.0439,96.4388,97.3969,117.7738,88.0386,96.5406,96.7453,84.1957,78.3066,72.4354,93.983,105.2098,119.1955,86.7501,120.7061,99.0017,99.3407
2025-06-26,93.8141,91.5928,108.3002,93.7352,87.5392,96.4725,95.8149,118.7683,88.1105,96.6498,98.0059,83.4952,76.5222,70.8851,94.8635,105.506,121.3315,87.7125,120.4797,99.114,100.4177
2025-06-27,95.476,91.7637,108.1476,93.9643,88.3739,96.5083,95.5212,116.8516,87.6758,98.109,99.4257,83.7199,76.9615,70.2482,94.7551,105.6972,122.9723,89.3289,122.8747,99.1269,101.3872
2025-06-30,94.1236,92.1519,109.2295,92.8339,89.9772,96.3722,94.6742,115.7427,85.7944,96.8381,99.2226,83.7219,76.961,69.486,94.2245,106.4345,122.4014,89.7143,122.1197,99.0598,101.7245
2025-07-01,93.4038,92.2107,106.6481,93.6247,89.4832,97.7867,95.7302,117.5675,85.6179,97.2298,96.7131,84.0056,76.9976,68.7634,93.5156,109.2633,121.111,90.6942,122.5472,98.3766,100.0894
2025-07-02,92.371,92.2108,105.0017,94.3722,89.0282,94.7,95.77,118.7589,84.0307,96.1671,97.4322,83.3043,77.8905,70.4345,94.042,109.6275,122.263,90.3606,126.1168,97.8474,99.7158
2025-07-03,91.9399,91.4158,103.1506,94.8092,89.3644,95.151,95.4455,120.8976,85.0118,95.3948,98.0837,83.215,76.0864,70.4822,94.2625,110.2675,120.6587,89.7108,124.5267,99.6002,98.827
2025-07-04,90.4336,91.7637,100.3021,95.4445,89.1012,96.9507,95.324,120.5041,86.5733,97.1011,98.4485,81.6344,74.3054,70.69,94.9771,108.8508,120.314,91.5671,121.7228,99.4706,99.8637
2025-07-07,91.1255,91.6566,99.4891,95.7846,90.125,95.6475,95.5795,118.8494,85.7493,96.471,99.6149,81.7669,74.5499,69.1991,95.1275,107.1827,120.1484,91.805,123.6166,98.537,101.2857
2025-07-08,90.8828,93.988,100.3878,98.1526,87.7223,95.2126,96.2896,118.507,86.0606,97.0076,98.2321,82.2097,74.5436,68.6581,96.0668,109.238,122.4671,92.696,122.3962,97.9284,102.5778
2025-07-09,89.2928,95.7794,100.0452,98.05,86.8564,94.3562,95.1414,118.6522,85.3147,94.8536,100.6288,81.9856,74.696,68.8358,96.1759,108.0342,121.947,92.8337,122.3658,99.2301,101.6524
2025-07-10,88.2112,96.2239,100.283,97.6894,86.0447,93.349,93.9596,118.7647,84.6737,96.9972,99.4769,80.412,74.2829,67.9946,97.0858,106.6892,118.4292,92.1826,121.5085,100.0378,98.3649
2025-07-11,88.5437,95.3468,101.6023,96.81,83.6819,92.9842,95.2134,120.3914,85.4644,97.7012,100.3753,81.3716,74.8774,68.7396,98.1056,106.6392,119.1483,92.1948,121.9001,100.7128,96.3012
2025-07-14,89.4387,94.0825,103.234,95.6182,82.7198,94.5907,94.7435,119.8706,85.4248,97.4875,98.3633,81.7283,75.7202,67.7547,97.1631,106.5238,118.153,93.7972,120.5175,100.402,97.9581
2025-07-15,91.6076,95.4369,103.1484,94.2009,81.8164,96.6995,93.1463,120.3781,87.2269,98.1631,97.2714,81.0193,76.1612,67.5222,95.0775,105.3764,118.2135,94.4243,120.2576,101.0952,97.4876
2025-07-16,94.8675,95.7383,104.8375,93.2015,81.6192,96.3105,93.6437,118.9584,86.7236,96.5164,99.0576,80.747,75.9232,67.049,96.855,104.9914,118.0905,92.5048,120.9085,100.3175,96.6133
